{"cameraMode":{"drawMode":0,"name":"Shaded","section":"Shading Mode"},"sceneLighting":false,"audioPlay":false,"sceneViewState":{"showFog":false,"showMaterialUpdate":false,"showSkybox":false,"showFlares":false,"showImageEffects":false,"showParticleSystems":false},"in2DMode":false,"pivot":{"x":3.725290298461914e-9,"y":3.725290298461914e-9,"z":9.9399995803833},"rotation":{"x":0.2695775628089905,"y":-0.2725776731967926,"z":0.07985857129096985,"w":0.9201369881629944},"size":1.654119849205017,"orthographic":false}