{"cameraMode":{"drawMode":0,"name":"Shaded","section":"Shading Mode"},"sceneLighting":false,"audioPlay":false,"sceneViewState":{"showFog":false,"showMaterialUpdate":false,"showSkybox":false,"showFlares":false,"showImageEffects":false,"showParticleSystems":false},"in2DMode":false,"pivot":{"x":-0.25999993085861208,"y":1.1920928955078126e-7,"z":-9.600000381469727},"rotation":{"x":0.2695775628089905,"y":-0.2725776731967926,"z":0.07985857874155045,"w":0.9201369285583496},"size":4.041658878326416,"orthographic":false}