{"cameraMode":{"drawMode":0,"name":"Shaded","section":"Shading Mode"},"sceneLighting":false,"audioPlay":false,"sceneViewState":{"showFog":false,"showMaterialUpdate":false,"showSkybox":false,"showFlares":false,"showImageEffects":false,"showParticleSystems":false},"in2DMode":false,"pivot":{"x":0.019999995827674867,"y":1.821993112564087,"z":7.28000020980835},"rotation":{"x":0.2695775628089905,"y":-0.2725776731967926,"z":0.07985857874155045,"w":0.9201369285583496},"size":3.7578835487365724,"orthographic":false}