{"cameraMode":{"drawMode":0,"name":"Shaded","section":"Shading Mode"},"sceneLighting":false,"audioPlay":false,"sceneViewState":{"showFog":false,"showMaterialUpdate":false,"showSkybox":false,"showFlares":false,"showImageEffects":false,"showParticleSystems":false},"in2DMode":false,"pivot":{"x":2.0986716747283937,"y":0.94525146484375,"z":2.4341583251953127},"rotation":{"x":0.19256851077079774,"y":-0.17035797238349915,"z":0.033967405557632449,"w":0.965785562992096},"size":22.0,"orthographic":false}