{"cameraMode":{"drawMode":0,"name":"Shaded","section":"Shading Mode"},"sceneLighting":false,"audioPlay":false,"sceneViewState":{"showFog":false,"showMaterialUpdate":false,"showSkybox":false,"showFlares":false,"showImageEffects":false,"showParticleSystems":false},"in2DMode":false,"pivot":{"x":0.1920500099658966,"y":0.9113645553588867,"z":-0.3453027009963989},"rotation":{"x":0.5355421304702759,"y":-0.2046835571527481,"z":0.13566185534000398,"w":0.8080192804336548},"size":7.941661834716797,"orthographic":false}